timestamp	iteration	score	decision	query	shard_id
2026-04-07T14:24:53.375025+00:00	1	0	DISCARD	**How do LLM agents implement and balance episodic memory retention with semantic memory consolidation during long-term task persistence across multiple tool interactions?**	
2026-04-07T14:25:10.376159+00:00	2	8	KEEP	**How do retrieval augmentation techniques (e.g., dense retrievers vs. sparse vectors) interact with procedural memory in LLM agents to influence decision-making during iterative tool use?**	autoresearch-a478cd79
2026-04-07T14:25:27.824942+00:00	3	8	KEEP	**How do self-consistency sampling techniques compare to bootstrapped confidence thresholds in LLM agents for mitigating hallucinations in multi-step reasoning tasks with limited tool access?**	autoresearch-6161e6a5
2026-04-07T14:25:45.287040+00:00	4	9	KEEP	**How do knowledge graph structures (e.g., hierarchical vs. flat schemas) affect the scalability of episodic memory in LLM agents during sequential tool invocation with limited context windows?**	autoresearch-49553cae
2026-04-07T14:26:03.459610+00:00	5	9	KEEP	**How do hybrid memory systems (combining episodic buffers with semantic graph embeddings) resolve conflicts in LLM agents during multi-step tool chaining when external knowledge is sparse?**	autoresearch-24a796da
2026-04-07T14:26:22.007473+00:00	6	9	KEEP	**How do tool-use parallelization strategies (e.g., race-condition mitigation vs. sequential batching) affect the coherence of multi-agent workflows in LLM orchestration when dealing with conflicting tool outputs during iterative decision-making?**	autoresearch-926851a9
2026-04-07T14:26:40.665064+00:00	7	9	KEEP	**How do procedural memory mechanisms (e.g., rule-based vs. heuristic-driven) interact with episodic buffers in LLM agents to prioritize task-relevant tool invocations during iterative decision-making under partial observation?**	autoresearch-948b1b08
2026-04-07T14:27:00.172864+00:00	8	9	KEEP	**How do confidence thresholds (e.g., temperature-based vs. entropy-based) in LLM agents interact with sampling strategies (e.g., nucleus sampling vs. top-*k*) to dynamically adjust decision confidence during iterative tool invocation under noisy or ambiguous external feedback?**	autoresearch-d80a89d7
2026-04-07T14:27:19.353281+00:00	9	9	KEEP	**How do compaction strategies (e.g., pruning, compression algorithms like delta encoding or vector quantization) optimize memory retention in LLM agents while preserving critical episodic and semantic knowledge during iterative tool invocation under high context-window constraints?**	autoresearch-07f21afc
2026-04-07T14:27:38.658816+00:00	10	9	KEEP	**How do retrieval augmentation techniques (e.g., dynamic reranking with cross-attention or hybrid dense-sparse embeddings) integrate with episodic buffers in LLM agents to prioritize recent tool interactions over stale or irrelevant external knowledge during iterative decision-making under time-sensitive constraints?**	autoresearch-7eb22811
